fname,coop_efficiency,cost_rate,res_mean,res_var_range,sociality,pop_size_mean,pop_size_sd,coop_num_mean,coop_num_sd,noncoop_num_mean,noncoop_num_sd,coop_prop_mean,coop_prop_sd,aver_coop_deg_mean,aver_coop_deg_sd
nso_pfs_1301m0p0.csv,0,0,13,2,Nonsocial,1895.85,73.1795046375001,0.0,0.0,1895.85,73.1795046375001,0.0,0.0,0.0,0.0
nso_pfs_1301m100.csv,0,0,11.7,2,Nonsocial,1679.18,78.85677849843674,0.0,0.0,1679.18,78.85677849843674,0.0,0.0,0.0,0.0
nso_pfs_1301m200.csv,0,0,10.4,2,Nonsocial,1473.92,66.80556439656381,0.0,0.0,1473.92,66.80556439656381,0.0,0.0,0.0,0.0
nso_pfs_1301m300.csv,0,0,9.1,2,Nonsocial,1223.13,70.38876962192823,0.0,0.0,1223.13,70.38876962192823,0.0,0.0,0.0,0.0
nso_pfs_1301m400.csv,0,0,7.8,2,Nonsocial,982.76,68.422649684874,0.0,0.0,982.76,68.422649684874,0.0,0.0,0.0,0.0
